document_number,publication_date,product_name,hs_codes,countries,html_url,document_title
 2020-17055,08/05/2020,Chassis,"['8716.39.00', '8716.90.50']",['China'],https://www.federalregister.gov/documents/2020/08/05/2020-17055/chassis-from-china-institution-of-antidumping-and-countervailing-duty-investigations-and-scheduling,Chassis From China; Institution of Antidumping and Countervailing Duty Investigations and Scheduling of Preliminary Phase Investigations
 2020-15277,07/15/2020,Metal lockers,"['9403.20.00', '9403.20.00', '9403.90.80', '9403.90.80']",['China'],https://www.federalregister.gov/documents/2020/07/15/2020-15277/metal-lockers-from-china-institution-of-antidumping-and-countervailing-duty-investigations-and,Metal Lockers From China; Institution of Antidumping and Countervailing Duty Investigations and Scheduling of Preliminary Phase Investigations
 2020-16923,08/04/2020,Methionine,"['2930.40.00', '2930.90.46']","['France', 'Japan', 'Spain']",https://www.federalregister.gov/documents/2020/08/04/2020-16923/methionine-from-france-japan-and-spain-institution-of-anti-dumping-duty-investigations-and,"Methionine From France, Japan, and Spain; Institution of Anti-Dumping Duty Investigations and Scheduling of Preliminary Phase Investigations"
 2020-22658,10/14/2020,Thermal paper,"['4811.90.80', '4811.90.90']","['Germany', 'Japan', 'Korea', 'Spain']",https://www.federalregister.gov/documents/2020/10/14/2020-22658/institution-of-anti-dumping-duty-investigations-and-scheduling-of-preliminary-phase-investigations,"Institution of Anti-Dumping Duty Investigations and Scheduling of Preliminary Phase Investigations; Thermal Paper From Germany, Japan, Korea, and Spain"
 2020-14541,07/07/2020,Seamless refined copper pipe and tube,['7411.10.10'],['Vietnam'],https://www.federalregister.gov/documents/2020/07/07/2020-14541/seamless-refined-copper-pipe-and-tube-from-vietnam-institution-of-an-anti-dumping-duty-investigation,Seamless Refined Copper Pipe and Tube From Vietnam; Institution of an Anti-Dumping Duty Investigation and Scheduling of Preliminary Phase Investigation
 2020-15162,07/14/2020,"Seamless carbon and alloy steel standard, line, and pressure pipe (“sslp pipe”)","['7304.19.10', '7304.19.50', '7304.31.60', '7304.39.00', '7304.51.50', '7304.59.60', '7304.59.80']","['Czechia', 'Korea', 'Russia', 'Ukraine']",https://www.federalregister.gov/documents/2020/07/14/2020-15162/seamless-carbon-and-alloy-steel-standard-line-and-pressure-pipe-sslp-pipe-from-czechia-korea-russia,"Seamless Carbon and Alloy Steel Standard, Line, and Pressure Pipe (“SSLP Pipe”) from Czechia, Korea, Russia, and Ukraine; Institution of Antidumping and Countervailing Duty Investigations and Scheduling of Preliminary Phase Investigations"
 2020-10669,05/19/2020,Passenger vehicle and light truck tires,"['4011.10.10', '4011.10.50', '4011.20.10', '4011.20.50']","['Korea', 'Taiwan', 'Thailand', 'Vietnam']",https://www.federalregister.gov/documents/2020/05/19/2020-10669/passenger-vehicle-and-light-truck-tires-from-korea-taiwan-thailand-and-vietnam-institution-of,"Passenger Vehicle and Light Truck Tires From Korea, Taiwan, Thailand, and Vietnam; Institution of Antidumping and Countervailing Duty Investigations and Scheduling of Preliminary Phase Investigations"
 2020-14297,07/02/2020,Twist ties,"['8309.90.00', '5609.00.30', '3906.90.20', '3920.51.50', '3923.90.00', '3926.90.99', '4811.59.60', '4821.10.40', '4821.90.20', '4823.90.86']",['China'],https://www.federalregister.gov/documents/2020/07/02/2020-14297/twist-ties-from-china-institution-of-anti-dumping-and-countervailing-duty-investigations-and,Twist Ties From China; Institution of Anti-Dumping and Countervailing Duty Investigations and Scheduling of Preliminary Phase Investigations
 2020-22026,10/06/2020,Utility scale wind towers,"['7308.20.00', '8502.31.00']","['India', 'Malaysia', 'Spain']",https://www.federalregister.gov/documents/2020/10/06/2020-22026/utility-scale-wind-towers-from-india-malaysia-and-spain-institution-of-anti-dumping-and,"Utility Scale Wind Towers from India, Malaysia, and Spain; Institution of Anti-Dumping and Countervailing Duty Investigations and Scheduling of Preliminary Phase Investigations"
 2020-21953,10/05/2020,Aluminum foil,"['7607.11.30', '7607.11.60', '7607.11.90', '7607.19.60']","['Armenia', 'Brazil', 'Oman', 'Russia', 'Turkey']",https://www.federalregister.gov/documents/2020/10/05/2020-21953/aluminum-foil-from-armenia-brazil-oman-russia-and-turkey-institution-of-anti-dumping-and,"Aluminum Foil From Armenia, Brazil, Oman, Russia, and Turkey; Institution of Anti-Dumping and Countervailing Duty Investigations and Scheduling of Preliminary Phase Investigations"
 2020-14537,07/07/2020,Standard steel welded wire mesh,"['7314.20.00', '7314.39.00']",['Mexico'],https://www.federalregister.gov/documents/2020/07/07/2020-14537/standard-steel-welded-wire-mesh-from-mexico-institution-of-anti-dumping-and-countervailing-duty,Standard Steel Welded Wire Mesh From Mexico; Institution of Anti-Dumping and Countervailing Duty Investigations and Scheduling of Preliminary Phase Investigations
 2020-14625,07/08/2020,Silicon metal,"['2804.69.10', '2804.69.50']","['Bosnia and herzegovina', 'Iceland', 'Kazakhstan', 'Malaysia']",https://www.federalregister.gov/documents/2020/07/08/2020-14625/silicon-metal-from-bosnia-and-herzegovina-iceland-kazakhstan-and-malaysia-institution-of,"Silicon Metal from Bosnia and Herzegovina, Iceland, Kazakhstan, and Malaysia; Institution of Anti-Dumping and Countervailing Duty Investigations and Scheduling of Preliminary Phase Investigations"
 2020-11762,06/02/2020,Walk-behind lawn mowers,['8433.11.00'],"['China', 'Vietnam']",https://www.federalregister.gov/documents/2020/06/02/2020-11762/walk-behind-lawn-mowers-from-china-and-vietnam-institution-of-anti-dumping-and-countervailing-duty,Walk-Behind Lawn Mowers From China and Vietnam; Institution of Anti-Dumping and Countervailing Duty Investigations and Scheduling of Preliminary Phase Investigations
 2020-06912,04/02/2020,Non-refillable steel cylinders,"['7310.29.00', '7311.00.00']",['China'],https://www.federalregister.gov/documents/2020/04/02/2020-06912/non-refillable-steel-cylinders-from-china-institution-of-anti-dumping-and-countervailing-duty,Non-Refillable Steel Cylinders From China; Institution of Anti-Dumping and Countervailing Duty Investigations and Scheduling of Preliminary Phase Investigations
 2020-06240,03/25/2020,Small vertical shaft engines,"['8407.90.10', '8409.91.99', '8433.11.00', '8424.30.90', '8407.90.90']",['China'],https://www.federalregister.gov/documents/2020/03/25/2020-06240/small-vertical-shaft-engines-from-china-institution-of-anti-dumping-and-countervailing-duty,Small Vertical Shaft Engines From China; Institution of Anti-Dumping and Countervailing Duty Investigations and Scheduling of Preliminary Phase Investigations
 2020-04830,03/10/2020,Ultra-high molecular weight polyethylene,"['3901.10.10', '3901.20.10']",['Korea'],https://www.federalregister.gov/documents/2020/03/10/2020-04830/ultra-high-molecular-weight-polyethylene-from-korea-institution-of-anti-dumping-duty-investigation,Ultra-High Molecular Weight Polyethylene From Korea; Institution of Anti-Dumping Duty Investigation and Scheduling of Preliminary Phase Investigations
 2020-08576,04/23/2020,Prestressed concrete steel wire strand (“pc strand”),['7312.10.30'],"['Argentina', 'Colombia', 'Egypt', 'Indonesia', 'Italy', 'Malaysia', 'Netherlands', 'Saudi arabia', 'South africa', 'Spain', 'Taiwan', 'Tunisia', 'Turkey', 'Ukraine', 'United arab emirates']",https://www.federalregister.gov/documents/2020/04/23/2020-08576/prestressed-concrete-steel-wire-strand-pc-strand-from-argentina-colombia-egypt-indonesia-italy,"Prestressed Concrete Steel Wire Strand (“PC strand”) From Argentina, Colombia, Egypt, Indonesia, Italy, Malaysia, Netherlands, Saudi Arabia, South Africa, Spain, Taiwan, Tunisia, Turkey, Ukraine, and United Arab Emirates; Institution of Antidumping and Countervailing Duty Investigations and Scheduling of Preliminary Phase Investigations"
 2020-07207,04/07/2020,Mattresses,"['9404.21.00', '9404.29.10', '9404.29.90', '9401.40.00', '9401.90.50']","['Cambodia', 'China', 'Indonesia', 'Malaysia', 'Serbia', 'Thailand', 'Turkey', 'Vietnam']",https://www.federalregister.gov/documents/2020/04/07/2020-07207/mattresses-from-cambodia-china-indonesia-malaysia-serbia-thailand-turkey-and-vietnam-institution-of,"Mattresses From Cambodia, China, Indonesia, Malaysia, Serbia, Thailand, Turkey, and Vietnam; Institution of Anti-Dumping and Countervailing Duty Investigations and Scheduling of Preliminary Phase Investigations"
 2020-02643,02/11/2020,Corrosion inhibitors,['2933.99.82'],['China'],https://www.federalregister.gov/documents/2020/02/11/2020-02643/corrosion-inhibitors-from-china-institution-of-anti-dumping-and-countervailing-duty-investigations,Corrosion Inhibitors From China; Institution of Anti-Dumping and Countervailing Duty Investigations and Scheduling of Preliminary Phase Investigations
 2020-01514,01/29/2020,Difluoromethane (r-32),['2903.39.20'],['China'],https://www.federalregister.gov/documents/2020/01/29/2020-01514/difluoromethane-r-32-from-china-institution-of-anti-dumping-duty-investigation-and-scheduling-of,Difluoromethane (R-32) From China; Institution of Anti-Dumping Duty Investigation and Scheduling of Preliminary Phase Investigation
 2020-01016,01/23/2020,Vertical shaft engines,"['8407.90.10', '8407.90.90', '8409.91.50', '8409.91.99']",['China'],https://www.federalregister.gov/documents/2020/01/23/2020-01016/vertical-shaft-engines-from-china-institution-of-anti-dumping-and-countervailing-duty-investigations,Vertical Shaft Engines From China; Institution of Anti-Dumping and Countervailing Duty Investigations and Scheduling of Preliminary Phase Investigations
 2020-00465,01/15/2020,Wood mouldings and millwork products,"['4409.10.40', '4409.10.45', '4409.10.50', '4409.22.40', '4409.22.50', '4409.29.41', '4409.29.51']","['Brazil', 'China']",https://www.federalregister.gov/documents/2020/01/15/2020-00465/wood-mouldings-and-millwork-products-from-brazil-and-china-institution-of-anti-dumping-and,Wood Mouldings and Millwork Products From Brazil and China; Institution of Anti-Dumping and Countervailing Duty Investigations and Scheduling of Preliminary Phase Investigations
 2020-05169,03/13/2020,Common alloy aluminum sheet,"['7606.11.30', '7606.11.60', '7606.12.30', '7606.12.60', '7606.91.30', '7606.91.60', '7606.92.30', '7606.92.60']","['Bahrain', 'Brazil', 'Croatia', 'Egypt', 'Germany', 'Greece', 'India', 'Indonesia', 'Italy', 'Korea', 'Oman', 'Romania', 'Serbia', 'Slovenia', 'South africa', 'Spain', 'Taiwan', 'Turkey']",https://www.federalregister.gov/documents/2020/03/13/2020-05169/common-alloy-aluminum-sheet-from-bahrain-brazil-croatia-egypt-germany-greece-india-indonesia-italy,"Common Alloy Aluminum Sheet From Bahrain, Brazil, Croatia, Egypt, Germany, Greece, India, Indonesia, Italy, Korea, Oman, Romania, Serbia, Slovenia, South Africa, Spain, Taiwan, and Turkey; Institution of Anti-Dumping and Countervailing Duty Investigations and Scheduling of Preliminary Phase Investigations"
 2019-27722,12/26/2019,4th tier cigarettes,['2402.20.80'],['Korea'],https://www.federalregister.gov/documents/2019/12/26/2019-27722/4th-tier-cigarettes-from-korea-institution-of-antidumping-duty-investigation-and-scheduling-of,4th Tier Cigarettes From Korea; Institution of Antidumping Duty Investigation and Scheduling of Preliminary Phase Investigation
 2019-27881,12/27/2019,Fluid end blocks,"['7218.91.00', '7218.99.00', '7224.90.00', '7326.19.00', '7326.90.86', '8413.91.90']","['China', 'Germany', 'India', 'Italy']",https://www.federalregister.gov/documents/2019/12/27/2019-27881/fluid-end-blocks-from-china-germany-india-and-italy-institution-of-anti-dumping-and-countervailing,"Fluid End Blocks From China, Germany, India, and Italy; Institution of Anti-Dumping and Countervailing Duty Investigations and Scheduling of Preliminary Phase Investigations"
 2019-23558,10/29/2019,Forged steel fittings,"['7307.92.30', '7307.92.90', '7307.93.30', '7307.93.60', '7307.93.90', '7307.99.10', '7307.99.30', '7307.99.50']","['India', 'Korea']",https://www.federalregister.gov/documents/2019/10/29/2019-23558/forged-steel-fittings-from-india-and-korea-institution-of-anti-dumping-and-countervailing-duty,Forged Steel Fittings From India and Korea; Institution of Anti-Dumping and Countervailing Duty Investigations and Scheduling of Preliminary Phase Investigations
 2019-21347,10/02/2019,Glass containers,['7010.90.50'],['China'],https://www.federalregister.gov/documents/2019/10/02/2019-21347/glass-containers-from-china-institution-of-anti-dumping-and-countervailing-duty-investigations-and,Glass Containers From China; Institution of Anti-Dumping and Countervailing Duty Investigations and Scheduling of Preliminary Phase Investigations
 2019-14915,07/15/2019,Polyethylene terephthalate (pet) sheet,['3920.62.00'],"['Korea', 'Mexico', 'Oman']",https://www.federalregister.gov/documents/2019/07/15/2019-14915/polyethylene-terephthalate-pet-sheet-from-korea-mexico-and-oman-institution-of-anti-dumping-duty,"Polyethylene Terephthalate (PET) Sheet From Korea, Mexico, and Oman; Institution of Anti-Dumping Duty Investigations and Scheduling of Preliminary Phase Investigations"
 2019-14982,07/15/2019,Utility scale wind towers,"['7308.20.00', '8502.31.00']","['Canada', 'Indonesia', 'Korea', 'Vietnam']",https://www.federalregister.gov/documents/2019/07/15/2019-14982/utility-scale-wind-towers-from-canada-indonesia-korea-and-vietnam-institution-of-anti-dumping-and,"Utility Scale Wind Towers From Canada, Indonesia, Korea, and Vietnam; Institution of Anti-Dumping and Countervailing Duty Investigations and Scheduling of Preliminary Phase Investigations"
 2019-12534,06/14/2019,Certain collated steel staples,['8305.20.00'],"['China', 'Korea', 'Taiwan']",https://www.federalregister.gov/documents/2019/06/14/2019-12534/certain-collated-steel-staples-from-china-korea-and-taiwan-institution-of-anti-dumping-and,"Certain Collated Steel Staples From China, Korea, and Taiwan; Institution of Anti-Dumping and Countervailing Duty Investigations and Scheduling of Preliminary Phase Investigations"
 2019-09934,05/14/2019,Quartz surface products,"['6810.99.00', '6810.99.00']","['India', 'Turkey']",https://www.federalregister.gov/documents/2019/05/14/2019-09934/quartz-surface-products-from-india-and-turkey-institution-of-anti-dumping-and-countervailing-duty,Quartz Surface Products From India and Turkey; Institution of Anti-Dumping and Countervailing Duty Investigations and Scheduling of Preliminary Phase Investigations
 2019-09259,05/07/2019,Vertical metal file cabinets,['9403.10.00'],['China'],https://www.federalregister.gov/documents/2019/05/07/2019-09259/vertical-metal-file-cabinets-from-china-institution-of-anti-dumping-and-countervailing-duty,Vertical Metal File Cabinets From China; Institution of Anti-Dumping and Countervailing Duty Investigations and Scheduling of Preliminary Phase Investigations
 2019-06453,04/03/2019,Sodium sulfate anhydrous,"['2833.11.10', '2833.11.50']",['Canada'],https://www.federalregister.gov/documents/2019/04/03/2019-06453/sodium-sulfate-anhydrous-from-canada-institution-of-antidumping-duty-investigation-and-scheduling-of,Sodium Sulfate Anhydrous From Canada; Institution of Antidumping Duty Investigation and Scheduling of Preliminary Phase Investigation
 2019-08570,04/29/2019,Dried tart cherries,"['0813.40.30', '0813.40.90', '0813.50.00', '2006.00.20', '2008.60.00']",['Turkey'],https://www.federalregister.gov/documents/2019/04/29/2019-08570/dried-tart-cherries-from-turkey-institution-of-anti-dumping-and-countervailing-duty-investigations,Dried Tart Cherries From Turkey; Institution of Anti-Dumping and Countervailing Duty Investigations and Scheduling of Preliminary Phase Investigations
 2019-07573,04/16/2019,Ceramic tile,"['6907.21.10', '6907.21.20', '6907.21.30', '6907.21.40', '6907.21.90', '6907.22.10', '6907.22.20', '6907.22.30', '6907.22.40', '6907.22.90', '6907.23.10', '6907.23.20', '6907.23.30', '6907.23.40', '6907.23.90', '6907.30.10', '6907.30.20', '6907.30.30', '6907.30.40', '6907.30.90', '6907.40.10', '6907.40.20', '6907.40.30', '6907.40.40', '6907.40.90']",['China'],https://www.federalregister.gov/documents/2019/04/16/2019-07573/ceramic-tile-from-china-institution-of-anti-dumping-and-countervailing-duty-investigations-and,Ceramic Tile From China; Institution of Anti-Dumping and Countervailing Duty Investigations and Scheduling of Preliminary Phase Investigations
 2019-03477,02/28/2019,Acetone,"['2914.11.10', '2914.11.50']","['Belgium', 'Korea', 'Saudi arabia', 'Singapore', 'South africa', 'Spain']",https://www.federalregister.gov/documents/2019/02/28/2019-03477/acetone-from-belgium-korea-saudi-arabia-singapore-south-africa-and-spain-institution-of-antidumping,"Acetone From Belgium, Korea, Saudi Arabia, Singapore, South Africa, and Spain; Institution of Antidumping Duty Investigations and Scheduling of Preliminary Phase Investigations"
 2019-04474,03/12/2019,Wooden cabinets and vanities,"['9403.40.90', '9403.60.80', '9403.90.70']",['China'],https://www.federalregister.gov/documents/2019/03/12/2019-04474/wooden-cabinets-and-vanities-from-china-institution-of-anti-dumping-and-countervailing-duty,Wooden Cabinets and Vanities From China; Institution of Anti-Dumping and Countervailing Duty Investigations and Scheduling of Preliminary Phase Investigations
 2019-03450,02/28/2019,Carbon and alloy steel threaded rod,['7318.15.50'],"['China', 'India', 'Taiwan', 'Thailand']",https://www.federalregister.gov/documents/2019/02/28/2019-03450/carbon-and-alloy-steel-threaded-rod-from-china-india-taiwan-and-thailand-institution-of-antidumping,"Carbon and Alloy Steel Threaded Rod From China, India, Taiwan, and Thailand; Institution of Antidumping and Countervailing Duty Investigations and Scheduling of Preliminary Phase Investigations"
 2019-01730,02/11/2019,Fabricated structural steel,"['7308.90.95', '7308.90.30', '7308.90.60']","['Canada', 'China', 'Mexico']",https://www.federalregister.gov/documents/2019/02/11/2019-01730/fabricated-structural-steel-from-canada-china-and-mexico-institution-of-anti-dumping-and,"Fabricated Structural Steel From Canada, China, and Mexico; Institution of Anti-Dumping and Countervailing Duty Investigations and Scheduling of Preliminary Phase Investigations"
 2018-23287,10/25/2018,Polyester textured yarn,"['5402.33.30', '5402.33.60']","['China', 'India']",https://www.federalregister.gov/documents/2018/10/25/2018-23287/polyester-textured-yarn-from-china-and-india-institution-of-antidumping-and-countervailing-duty,Polyester Textured Yarn From China and India; Institution of Antidumping and Countervailing Duty Investigations and Scheduling of Preliminary Phase Investigations
 2018-23758,10/31/2018,Magnesium,"['8104.11.00', '8104.19.00', '8104.30.00']",['Israel'],https://www.federalregister.gov/documents/2018/10/31/2018-23758/magnesium-from-israel-institution-of-anti-dumping-and-countervailing-duty-investigations-and,Magnesium From Israel; Institution of Anti-Dumping and Countervailing Duty Investigations and Scheduling of Preliminary Phase Investigations
 2018-20655,09/24/2018,Mattresses,"['9404.21.00', '9404.29.10', '9404.29.90']",['China'],https://www.federalregister.gov/documents/2018/09/24/2018-20655/mattresses-from-china-institution-of-antidumping-duty-investigation-and-scheduling-of-preliminary,Mattresses From China; Institution of Antidumping Duty Investigation and Scheduling of Preliminary Phase Investigation
 2018-20990,09/27/2018,Aluminum wire and cable,['8544.49.90'],['China'],https://www.federalregister.gov/documents/2018/09/27/2018-20990/aluminum-wire-and-cable-from-china-institution-of-anti-dumping-and-countervailing-duty,Aluminum Wire and Cable From China; Institution of Anti-Dumping and Countervailing Duty Investigations and Scheduling of Preliminary Phase Investigations
 2018-20926,09/26/2018,Refillable stainless steel kegs,"['7310.10.00', '7310.29.00']","['China', 'Germany', 'Mexico']",https://www.federalregister.gov/documents/2018/09/26/2018-20926/refillable-stainless-steel-kegs-from-china-germany-and-mexico-institution-of-anti-dumping-and,"Refillable Stainless Steel Kegs From China, Germany, and Mexico; Institution of Anti-Dumping and Countervailing Duty Investigations and Scheduling of Preliminary Phase Investigations"
 2018-19790,09/12/2018,Strontium chromate,"['2841.50.91', '3212.90.00']","['Austria', 'France']",https://www.federalregister.gov/documents/2018/09/12/2018-19790/strontium-chromate-from-austria-and-france-institution-of-anti-dumping-duty-investigations-and,Strontium Chromate From Austria and France; Institution of Anti-Dumping Duty Investigations and Scheduling of Preliminary Phase Investigations
 2018-17471,08/15/2018,Steel trailer wheels,['8716.90.50'],['China'],https://www.federalregister.gov/documents/2018/08/15/2018-17471/steel-trailer-wheels-from-china-institution-of-anti-dumping-and-countervailing-duty-investigations,Steel Trailer Wheels From China; Institution of Anti-Dumping and Countervailing Duty Investigations and Scheduling of Preliminary Phase Investigations
 2018-13727,06/26/2018,Steel racks,"['9403.20.00', '7326.90.86', '9403.20.00', '7326.90.86']",['China'],https://www.federalregister.gov/documents/2018/06/26/2018-13727/steel-racks-from-china-institution-of-antidumping-and-countervailing-duty-investigations-and,Steel Racks From China; Institution of Antidumping and Countervailing Duty Investigations and Scheduling of Preliminary Phase Investigations
 2018-11392,05/29/2018,Steel propane cylinders,"['7311.00.00', '7311.00.00']","['China', 'Taiwan', 'Thailand']",https://www.federalregister.gov/documents/2018/05/29/2018-11392/steel-propane-cylinders-from-china-taiwan-and-thailand-institution-of-anti-dumping-and,"Steel Propane Cylinders From China, Taiwan, and Thailand; Institution of Anti-Dumping and Countervailing Duty Investigations and Scheduling of Preliminary Phase Investigations"
 2018-08412,04/23/2018,Quartz surface products,"['6810.99.00', '6810.99.00']",['China'],https://www.federalregister.gov/documents/2018/04/23/2018-08412/quartz-surface-products-from-china-institution-of-anti-dumping-and-countervailing-duty,Quartz Surface Products From China; Institution of Anti-Dumping and Countervailing Duty Investigations and Scheduling of Preliminary Phase Investigations
 2018-06688,04/03/2018,Steel wheels,"['8708.70.45', '8708.70.60', '8716.90.50']",['China'],https://www.federalregister.gov/documents/2018/04/03/2018-06688/steel-wheels-from-china-institution-of-antidumping-and-countervailing-duty-investigations-and,Steel Wheels From China; Institution of Antidumping and Countervailing Duty Investigations and Scheduling of Preliminary Phase Investigations
 2018-06716,04/03/2018,Glycine,"['2922.49.43', '2922.49.80']","['China', 'India', 'Japan', 'Thailand']",https://www.federalregister.gov/documents/2018/04/03/2018-06716/glycine-from-china-india-japan-and-thailand-institution-of-antidumping-and-countervailing-duty,"Glycine From China, India, Japan, and Thailand; Institution of Antidumping and Countervailing Duty Investigations and Scheduling of Preliminary Phase Investigations"
 2018-04973,03/13/2018,Laminated woven sacks,"['6305.33.00', '6305.33.00']",['Vietnam'],https://www.federalregister.gov/documents/2018/03/13/2018-04973/laminated-woven-sacks-from-vietnam-institution-of-anti-dumping-and-countervailing-duty,Laminated Woven Sacks From Vietnam; Institution of Anti-Dumping and Countervailing Duty Investigations and Scheduling of Preliminary Phase Investigations
 2018-02176,02/05/2018,Rubber bands,['4016.99.35'],"['China', 'Sri lanka', 'Thailand']",https://www.federalregister.gov/documents/2018/02/05/2018-02176/rubber-bands-from-china-sri-lanka-and-thailand-institution-of-antidumping-and-countervailing-duty,"Rubber Bands From China, Sri Lanka, and Thailand; Institution of Antidumping and Countervailing Duty Investigations and Scheduling of Preliminary Phase Investigations"
 2018-01965,02/01/2018,Cast iron soil pipe,['7303.00.00'],['China'],https://www.federalregister.gov/documents/2018/02/01/2018-01965/cast-iron-soil-pipe-from-china-institution-of-antidumping-and-countervailing-duty-investigations-and,Cast Iron Soil Pipe From China; Institution of Antidumping and Countervailing Duty Investigations and Scheduling of Preliminary Phase Investigations
 2018-01157,01/23/2018,Large diameter welded pipe,[],"['Canada', 'China', 'Greece', 'India', 'Korea', 'Turkey']",https://www.federalregister.gov/documents/2018/01/23/2018-01157/large-diameter-welded-pipe-from-canada-china-greece-india-korea-and-turkey-institution-of,"Large Diameter Welded Pipe From Canada, China, Greece, India, Korea, and Turkey; Institution of Antidumping and Countervailing Duty Investigations and Scheduling of Preliminary Phase Investigations"
 2017-28340,01/03/2018,Plastic decorative ribbon,"['3920.10.00', '3920.20.00', '3920.30.00', '3920.43.50', '3920.49.00', '3920.62.00', '3920.69.00', '3921.90.11', '3921.90.15', '3921.90.19', '3921.90.40', '3926.40.00', '3926.90.99', '4601.99.90', '4602.90.00', '5404.90.00', '5609.00.30', '5609.00.40', '9505.10.25', '9505.90.40']",['China'],https://www.federalregister.gov/documents/2018/01/03/2017-28340/plastic-decorative-ribbon-from-china-institution-of-antidumping-and-countervailing-duty,Plastic Decorative Ribbon from China; Institution of Antidumping and Countervailing Duty Investigations and Scheduling of Preliminary Phase Investigations
 2017-26456,12/08/2017,Common alloy aluminum sheet,"['7606.11.30', '7606.11.60', '7606.12.30', '7606.12.60', '7606.91.30', '7606.91.60', '7606.92.30', '7606.92.60']",['China'],https://www.federalregister.gov/documents/2017/12/08/2017-26456/common-alloy-aluminum-sheet-from-china-institution-of-antidumping-and-countervailing-duty,Common Alloy Aluminum Sheet From China; Institution of Antidumping and Countervailing Duty Investigations and Scheduling of Preliminary Phase Investigations
 2017-26268,12/06/2017,"Sodium gluconate, gluconic acid, and derivative products","['2918.16.10', '2918.16.50', '2932.20.50']","['China', 'France']",https://www.federalregister.gov/documents/2017/12/06/2017-26268/sodium-gluconate-gluconic-acid-and-derivative-products-from-china-and-france-institution-of,"Sodium Gluconate, Gluconic Acid, and Derivative Products From China and France; Institution of Antidumping and Countervailing Duty Investigations and Scheduling of Preliminary Phase Investigations"
 2017-22039,10/12/2017,Forged steel fittings,[],"['China', 'Italy', 'Taiwan']",https://www.federalregister.gov/documents/2017/10/12/2017-22039/forged-steel-fittings-from-china-italy-and-taiwan-institution-of-countervailing-duty-and-antidumping,"Forged Steel Fittings From China, Italy, and Taiwan; Institution of Countervailing Duty and Antidumping Duty Investigations and Scheduling of Preliminary Phase Investigations"
 2017-21342,10/04/2017,Polytetrafluoroethylene (“ptfe”) resin,"['3904.61.00', '3904.61.00']","['China', 'India']",https://www.federalregister.gov/documents/2017/10/04/2017-21342/polytetrafluoroethylene-ptfe-resin-from-china-and-india-institution-of-antidumping-and,Polytetrafluoroethylene (“PTFE”) Resin From China and India; Institution of Antidumping and Countervailing Duty Investigations and Scheduling of Preliminary Phase Investigations
 2017-21010,10/02/2017,Polyethylene terephthalate (pet) resin,"['3907.61.00', '3907.69.00']","['Brazil', 'Indonesia', 'Korea', 'Pakistan', 'Taiwan institution of antidumping duty investigations', 'Scheduling of preliminary phase investigations']",https://www.federalregister.gov/documents/2017/10/02/2017-21010/polyethylene-terephthalate-pet-resin-from-brazil-indonesia-korea-pakistan-and-taiwan-institution-of,"Polyethylene Terephthalate (PET) Resin From Brazil, Indonesia, Korea, Pakistan, and Taiwan Institution of Antidumping Duty Investigations and Scheduling of Preliminary Phase Investigations"
 2017-18608,09/01/2017,Titanium sponge,['8108.20.00'],"['Japan', 'Kazakhstan']",https://www.federalregister.gov/documents/2017/09/01/2017-18608/titanium-sponge-from-japan-and-kazakhstan-institution-of-antidumping-and-countervailing-duty,Titanium Sponge From Japan and Kazakhstan; Institution of Antidumping and Countervailing Duty Investigations and Scheduling of Preliminary Phase Investigations
 2017-17743,08/22/2017,Stainless steel flanges,"['7307.21.10', '7307.21.50']","['China', 'India']",https://www.federalregister.gov/documents/2017/08/22/2017-17743/stainless-steel-flanges-from-china-and-india-institution-of-antidumping-and-countervailing-duty,Stainless Steel Flanges From China and India; Institution of Antidumping and Countervailing Duty Investigations and Scheduling of Preliminary Phase Investigations
 2017-17177,08/15/2017,Uncoated groundwood paper,"['4801.00.01', '4802.61.10', '4802.61.20', '4802.61.30', '4802.61.31', '4802.61.60', '4802.62.10', '4802.62.20', '4802.62.30', '4802.62.61', '4802.69.10', '4802.69.20', '4802.69.30']",['Canada'],https://www.federalregister.gov/documents/2017/08/15/2017-17177/uncoated-groundwood-paper-from-canada-institution-of-antidumping-and-countervailing-duty,Uncoated Groundwood Paper From Canada; Institution of Antidumping and Countervailing Duty Investigations and Scheduling of Preliminary Phase Investigations
 2017-15201,07/20/2017,Cast iron soil pipe fittings,['7307.11.00'],['China'],https://www.federalregister.gov/documents/2017/07/20/2017-15201/cast-iron-soil-pipe-fittings-from-china-institution-of-antidumping-and-countervailing-duty,Cast Iron Soil Pipe Fittings From China; Institution of Antidumping and Countervailing Duty Investigations and Scheduling of Preliminary Phase Investigations
 2017-14058,07/05/2017,Tapered roller bearings,[],['Korea'],https://www.federalregister.gov/documents/2017/07/05/2017-14058/tapered-roller-bearings-from-korea-institution-of-antidumping-duty-investigation-and-scheduling-of,Tapered Roller Bearings From Korea; Institution of Antidumping Duty Investigation and Scheduling of Preliminary Phase Investigation
 2017-13910,07/03/2017,Low melt polyester staple fiber (psf),['5503.20.00'],"['Korea', 'Taiwan']",https://www.federalregister.gov/documents/2017/07/03/2017-13910/low-melt-polyester-staple-fiber-psf-from-korea-and-taiwan-institution-of-antidumping-duty,Low Melt Polyester Staple Fiber (PSF) From Korea and Taiwan; Institution of Antidumping Duty Investigations and Scheduling of Preliminary Phase Investigations
 2017-13510,06/28/2017,Ripe olives,"['2005.70.02', '2005.70.04', '2005.70.06', '2005.70.08', '2005.70.12', '2005.70.16', '2005.70.18', '2005.70.23', '2005.70.25', '2005.70.50', '2005.70.60', '2005.70.70', '2005.70.75', '2005.70.91', '2005.70.93', '2005.70.97']",['Spain'],https://www.federalregister.gov/documents/2017/06/28/2017-13510/ripe-olives-from-spain-institution-of-antidumping-and-countervailing-duty-investigations-and,Ripe Olives From Spain; Institution of Antidumping and Countervailing Duty Investigations and Scheduling of Preliminary Phase Investigations
 2017-11917,06/08/2017,Citric acid and certain citrate salts,[],"['Belgium', 'Colombia', 'Thailand institution of antidumping', 'Countervailing duty investigations', 'Scheduling of preliminary phase investigations']",https://www.federalregister.gov/documents/2017/06/08/2017-11917/citric-acid-and-certain-citrate-salts-from-belgium-colombia-and-thailand-institution-of-antidumping,"Citric Acid and Certain Citrate Salts From Belgium, Colombia, and Thailand Institution of Antidumping and Countervailing Duty Investigations and Scheduling of Preliminary Phase Investigations"
 2017-11755,06/07/2017,Fine denier polyester staple fiber,['5503.20.00'],"['China', 'India', 'Korea', 'Taiwan', 'Vietnam']",https://www.federalregister.gov/documents/2017/06/07/2017-11755/fine-denier-polyester-staple-fiber-from-china-india-korea-taiwan-and-vietnam-institution-of,"Fine Denier Polyester Staple Fiber From China, India, Korea, Taiwan, and Vietnam; Institution of Antidumping and Countervailing Duty Investigations and Scheduling of Preliminary Phase Investigations"
 2017-08894,05/03/2017,100- to 150-seat large civil aircraft,['8802.40.00'],['Canada'],https://www.federalregister.gov/documents/2017/05/03/2017-08894/100--to-150-seat-large-civil-aircraft-from-canada-institution-of-antidumping-and-countervailing-duty,100- to 150-Seat Large Civil Aircraft From Canada; Institution of Antidumping and Countervailing Duty Investigations and Scheduling of Preliminary Phase Investigations
 2017-08361,04/25/2017,Cold-drawn mechanical tubing,"['7304.31.30', '7304.31.60', '7304.51.10', '7304.51.50', '7306.30.50', '7306.50.50']","['China', 'Germany', 'India', 'Italy', 'Korea', 'Switzerland']",https://www.federalregister.gov/documents/2017/04/25/2017-08361/cold-drawn-mechanical-tubing-from-china-germany-india-italy-korea-and-switzerland-institution-of,"Cold-Drawn Mechanical Tubing From China, Germany, India, Italy, Korea, and Switzerland; Institution of Antidumping and Countervailing Duty Investigations and Scheduling of Preliminary Phase Investigations"
 2017-07749,04/18/2017,Tool chests and cabinets,[],"['China', 'Vietnam institution of antidumping', 'Countervailing duty investigations', 'Scheduling of preliminary phase investigations']",https://www.federalregister.gov/documents/2017/04/18/2017-07749/tool-chests-and-cabinets-from-china-and-vietnam-institution-of-antidumping-and-countervailing-duty,Tool Chests and Cabinets From China and Vietnam Institution of Antidumping and Countervailing Duty Investigations and Scheduling of Preliminary Phase Investigations
 2017-06928,04/07/2017,Carton closing staples,"['8305.20.00', '7317.00.65']",['China'],https://www.federalregister.gov/documents/2017/04/07/2017-06928/carton-closing-staples-from-china-institution-of-antidumping-duty-investigation-and-scheduling-of,Carton Closing Staples From China; Institution of Antidumping Duty Investigation and Scheduling of Preliminary Phase Investigation
 2017-06151,03/29/2017,Biodiesel,"['3826.00.10', '3826.00.30']","['Argentina', 'Indonesia: institution of antidumping', 'Countervailing duty investigations', 'Scheduling of preliminary phase investigations']",https://www.federalregister.gov/documents/2017/03/29/2017-06151/biodiesel-from-argentina-and-indonesia-institution-of-antidumping-and-countervailing-duty,Biodiesel From Argentina and Indonesia: Institution of Antidumping and Countervailing Duty Investigations and Scheduling of Preliminary Phase Investigations
 2017-06457,04/03/2017,Carbon and certain alloy steel wire rod,"['7213.91.30', '7213.91.45', '7213.99.00', '7227.20.00', '7227.90.60']","['Belarus', 'Italy', 'Korea', 'Russia', 'South africa', 'Spain', 'Turkey', 'Ukraine', 'United arab emirates', 'United kingdom']",https://www.federalregister.gov/documents/2017/04/03/2017-06457/carbon-and-certain-alloy-steel-wire-rod-from-belarus-italy-korea-russia-south-africa-spain-turkey,"Carbon and Certain Alloy Steel Wire Rod From Belarus, Italy, Korea, Russia, South Africa, Spain, Turkey, Ukraine, United Arab Emirates, and United Kingdom; Institution of Antidumping and Countervailing Duty Investigations and Scheduling of Preliminary Phase Investigations"
 2017-05149,03/15/2017,Aluminum foil,"['7607.11.30', '7607.11.60', '7607.11.90', '7607.19.60']",['China'],https://www.federalregister.gov/documents/2017/03/15/2017-05149/aluminum-foil-from-china-institution-of-antidumping-and-countervailing-duty-investigations-and,Aluminum Foil From China; Institution of Antidumping and Countervailing Duty Investigations and Scheduling of Preliminary Phase Investigations
 2017-04994,03/14/2017,Silicon metal,"['2804.69.10', '2804.69.50']","['Australia', 'Brazil', 'Kazakhstan', 'Norway']",https://www.federalregister.gov/documents/2017/03/14/2017-04994/silicon-metal-from-australia-brazil-kazakhstan-and-norway-institution-of-antidumping-and,"Silicon Metal From Australia, Brazil, Kazakhstan, and Norway; Institution of Antidumping and Countervailing Duty Investigations and Scheduling of Preliminary Phase Investigations"
 2016-28922,12/02/2016,Softwood lumber products,"['4407.10.01', '4409.10.05', '4409.10.10', '4409.10.20', '4409.10.90', '4418.90.25', '4415.20.40', '4415.20.80', '4418.90.46', '4421.90.70', '4421.90.94', '4421.90.97']",['Canada'],https://www.federalregister.gov/documents/2016/12/02/2016-28922/softwood-lumber-products-from-canada-institution-of-antidumping-and-countervailing-duty,Softwood Lumber Products From Canada; Institution of Antidumping and Countervailing Duty Investigations and Scheduling of Preliminary Phase Investigations
 2016-28485,11/28/2016,Hardwood plywood,[],['China'],https://www.federalregister.gov/documents/2016/11/28/2016-28485/hardwood-plywood-from-china-institution-of-antidumping-and-countervailing-duty-investigations-and,Hardwood Plywood From China; Institution of Antidumping and Countervailing Duty Investigations and Scheduling of Preliminary Phase Investigations
 2016-23207,09/27/2016,Steel concrete reinforcing bar (rebar),"['7213.10.00', '7214.20.00', '7228.30.80']","['Japan', 'Taiwan', 'Turkey']",https://www.federalregister.gov/documents/2016/09/27/2016-23207/steel-concrete-reinforcing-bar-rebar-from-japan-taiwan-and-turkey-institution-of-antidumping-and,"Steel Concrete Reinforcing Bar (Rebar) From Japan, Taiwan, and Turkey; Institution of Antidumping and Countervailing Duty Investigations and Scheduling of Preliminary Phase Investigations"
 2016-17713,07/27/2016,Emulsion styrene-butadiene rubber,['4002.19.00'],"['Brazil', 'Korea', 'Mexico', 'Poland']",https://www.federalregister.gov/documents/2016/07/27/2016-17713/emulsion-styrene-butadiene-rubber-from-brazil-korea-mexico-and-poland-institution-of-antidumping,"Emulsion Styrene-Butadiene Rubber From Brazil, Korea, Mexico, and Poland; Institution of Antidumping Duty Investigations and Scheduling of Preliminary Phase Investigations"
 2016-16062,07/07/2016,Dioctyl terephthalate (dotp),['2917.39.20'],['Korea'],https://www.federalregister.gov/documents/2016/07/07/2016-16062/dioctyl-terephthalate-dotp-from-korea-institution-of-antidumping-duty-investigation-and-scheduling,Dioctyl Terephthalate (DOTP) From Korea; Institution of Antidumping Duty Investigation and Scheduling of Preliminary Phase Investigation
 2016-16057,07/07/2016,Finished carbon steel flanges,['7307.91.50'],"['India', 'Italy', 'Spain']",https://www.federalregister.gov/documents/2016/07/07/2016-16057/finished-carbon-steel-flanges-from-india-italy-and-spain-institution-of-antidumping-and,"Finished Carbon Steel Flanges From India, Italy, and Spain; Institution of Antidumping and Countervailing Duty Investigations and Scheduling of Preliminary Phase Investigations"
 2016-12815,06/01/2016,Ammonium sulfate,['3102.21.00'],['China'],https://www.federalregister.gov/documents/2016/06/01/2016-12815/ammonium-sulfate-from-china-institution-of-antidumping-and-countervailing-duty-investigations-and,Ammonium Sulfate From China; Institution of Antidumping and Countervailing Duty; Investigations and Scheduling of Preliminary Phase Investigations
 2016-07416,04/01/2016,Ferrovanadium,['7202.92.00'],['Korea'],https://www.federalregister.gov/documents/2016/04/01/2016-07416/ferrovanadium-from-korea-institution-of-antidumping-duty-investigation-and-scheduling-of-preliminary,Ferrovanadium From Korea; Institution of Antidumping Duty Investigation and Scheduling of Preliminary Phase Investigation
 2016-07987,04/07/2016,"1-hydroxyethylidene-1, 1-diphosphonic acid",['2931.90.90'],['China'],https://www.federalregister.gov/documents/2016/04/07/2016-07987/1-hydroxyethylidene-1-1-diphosphonic-acid-from-china-institution-of-antidumping-and-countervailing,"1-Hydroxyethylidene-1, 1-Diphosphonic Acid From China; Institution of Antidumping and Countervailing Duty Investigations and Scheduling of Preliminary Phase Investigations"
 2016-08543,04/14/2016,Certain carbon and alloy steel cut-to-length plate,[],"['Austria', 'Belgium', 'Brazil', 'China', 'France', 'Germany', 'Italy', 'Japan', 'Korea', 'South africa', 'Taiwan', 'Turkey']",https://www.federalregister.gov/documents/2016/04/14/2016-08543/certain-carbon-and-alloy-steel-cut-to-length-plate-from-austria-belgium-brazil-china-france-germany,"Certain Carbon and Alloy Steel Cut-to-Length Plate From Austria, Belgium, Brazil, China, France, Germany, Italy, Japan, Korea, South Africa, Taiwan, and Turkey; Institution of Antidumping and Countervailing Duty Investigations and Scheduling of Preliminary Phase Investigations"
 2016-05746,03/15/2016,Phosphor copper,['7405.00.10'],['Korea'],https://www.federalregister.gov/documents/2016/03/15/2016-05746/phosphor-copper-from-korea-institution-of-antidumping-duty-investigation-and-scheduling-of,Phosphor Copper From Korea; Institution of Antidumping Duty Investigation and Scheduling of Preliminary Phase Investigation
 2016-05245,03/09/2016,"1,1,1,2-tetrafluoroethane (r-134a)",['2903.39.20'],['China'],https://www.federalregister.gov/documents/2016/03/09/2016-05245/1112-tetrafluoroethane-r-134a-from-china-institution-of-antidumping-duty-investigation-and,"1,1,1,2-Tetrafluoroethane (R-134a) From China; Institution of Antidumping Duty Investigation and Scheduling of Preliminary Phase Investigation"
 2016-03434,02/19/2016,Stainless steel sheet and strip,"['7219.13.00', '7219.14.00', '7219.23.00', '7219.24.00', '7219.32.00', '7219.33.00', '7219.34.00', '7219.35.00', '7219.90.00', '7220.12.10', '7220.12.50', '7220.20.10', '7220.20.60', '7220.20.70', '7220.20.80', '7220.20.90', '7220.90.00']",['China'],https://www.federalregister.gov/documents/2016/02/19/2016-03434/stainless-steel-sheet-and-strip-from-china-institution-of-antidumping-and-countervailing-duty,Stainless Steel Sheet and Strip From China; Institution of Antidumping and Countervailing Duty Investigations and Scheduling of Preliminary Phase Investigations
 2016-02066,02/04/2016,Truck and bus tires,"['4011.20.10', '4011.20.50']",['China'],https://www.federalregister.gov/documents/2016/02/04/2016-02066/truck-and-bus-tires-from-china-institution-of-antidumping-and-countervailing-duty-investigations-and,Truck and Bus Tires From China; Institution of Antidumping and Countervailing Duty Investigations and Scheduling of Preliminary Phase Investigations
 2016-01423,01/26/2016,Certain amorphous silica fabric,"['7019.59.40', '7019.59.90']",['China'],https://www.federalregister.gov/documents/2016/01/26/2016-01423/certain-amorphous-silica-fabric-from-china-institution-of-antidumping-and-countervailing-duty,Certain Amorphous Silica Fabric From China; Institution of Antidumping and Countervailing Duty Investigations and Scheduling of Preliminary Phase Investigations
 2016-00931,01/20/2016,Certain biaxial integral geogrid products,['3926.90.99'],['China'],https://www.federalregister.gov/documents/2016/01/20/2016-00931/certain-biaxial-integral-geogrid-products-from-china-institution-of-antidumping-and-countervailing,Certain Biaxial Integral Geogrid Products From China; Institution of Antidumping and Countervailing Duty Investigations and Scheduling of Preliminary Phase Investigations
 2016-00618,01/15/2016,Certain new pneumatic off-the-road-tires,"['4011.20.10', '4011.20.50', '4011.61.00', '4011.62.00', '4011.63.00', '4011.69.00', '4011.92.00', '4011.93.40', '4011.93.80', '4011.94.40', '4011.94.80', '8431.49.90', '8709.90.00', '8716.90.10']","['China', 'India', 'Sri lanka']",https://www.federalregister.gov/documents/2016/01/15/2016-00618/certain-new-pneumatic-off-the-road-tires-from-china-india-and-sri-lanka-institution-of-antidumping,"Certain New Pneumatic Off-the-Road-Tires From China, India, and Sri Lanka; Institution of Antidumping and Countervailing Duty Investigations and Scheduling of Preliminary Phase Investigations"
 2015-32083,12/22/2015,Large residential washers,['8450.20.00'],['China'],https://www.federalregister.gov/documents/2015/12/22/2015-32083/large-residential-washers-from-china-institution-of-an-antidumping-duty-investigation-and-scheduling,Large Residential Washers From China; Institution of an Antidumping Duty investigation and Scheduling of a Preliminary Phase Investigation
 2015-27956,11/03/2015,Certain iron mechanical transfer drive components,"['8431.39.00', '8483.50.40', '8483.50.60', '8483.50.90', '8483.90.80']","['Canada', 'China']",https://www.federalregister.gov/documents/2015/11/03/2015-27956/certain-iron-mechanical-transfer-drive-components-from-canada-and-china-institution-of-antidumping,Certain Iron Mechanical Transfer Drive Components From Canada and China; Institution of Antidumping and Countervailing Duty Investigations and Scheduling of Preliminary Phase Investigations
 2015-25469,10/07/2015,Welded stainless steel pressure pipe,"['7306.40.50', '7306.40.10']","['India institution of antidumping', 'Countervailing duty investigations', 'Scheduling of preliminary phase investigations']",https://www.federalregister.gov/documents/2015/10/07/2015-25469/welded-stainless-steel-pressure-pipe-from-india-institution-of-antidumping-and-countervailing-duty,Welded Stainless Steel Pressure Pipe From India Institution of Antidumping and Countervailing Duty Investigations and Scheduling of Preliminary Phase Investigations
 2015-27955,11/03/2015,Circular welded carbon-quality steel pipe,"['7306.19.10', '7306.19.51', '7306.30.10', '7306.30.50', '7306.50.10', '7306.50.50']","['Oman', 'Pakistan', 'The philippines', 'The united arab emirates', 'Vietnam']",https://www.federalregister.gov/documents/2015/11/03/2015-27955/circular-welded-carbon-quality-steel-pipe-from-oman-pakistan-the-philippines-the-united-arab,"Circular Welded Carbon-Quality Steel Pipe From Oman, Pakistan, the Philippines, the United Arab Emirates, and Vietnam"
 2015-20266,08/18/2015,Certain hot-rolled steel flat products,"['7208.10.15', '7208.10.30', '7208.10.60', '7208.25.30', '7208.25.60', '7208.26.00', '7208.27.00', '7208.36.00', '7208.37.00', '7208.38.00', '7208.39.00', '7208.40.60', '7208.53.00', '7208.54.00', '7208.90.00', '7210.70.30', '7210.90.90', '7211.14.00', '7211.19.15', '7211.19.20', '7211.19.30', '7211.19.45', '7211.19.60', '7211.19.75', '7211.90.00', '7212.40.10', '7212.40.50', '7212.50.00', '7225.11.00', '7225.19.00', '7225.30.30', '7225.30.70', '7225.40.70', '7225.99.00', '7226.11.10', '7226.11.90', '7226.19.10', '7226.19.90', '7226.91.50', '7226.91.70', '7226.91.80', '7226.99.01']","['Australia', 'Brazil', 'Japan', 'Korea', 'The netherlands', 'Turkey', 'The united kingdom']",https://www.federalregister.gov/documents/2015/08/18/2015-20266/certain-hot-rolled-steel-flat-products-from-australia-brazil-japan-korea-the-netherlands-turkey-and,"Certain Hot-Rolled Steel Flat Products from Australia, Brazil, Japan, Korea, the Netherlands, Turkey, and the United Kingdom; Institution of Antidumping and Countervailing Duty Investigations and Scheduling of Preliminary Phase Investigations"
 2015-20181,08/17/2015,Certain magnesia carbon bricks,[],"['China', 'Mexico']",https://www.federalregister.gov/documents/2015/08/17/2015-20181/certain-magnesia-carbon-bricks-from-china-and-mexico-correction-to-notice-of-institution-of,Certain Magnesia Carbon Bricks from China and Mexico; Correction to Notice of Institution of Five-Year Reviews
 2015-18951,08/03/2015,Cold-rolled steel flat products,"['7209.15.00', '7209.16.00', '7209.17.00', '7209.18.15', '7209.18.25', '7209.18.60', '7209.25.00', '7209.26.00', '7209.27.00', '7209.28.00', '7209.90.00', '7210.70.30', '7211.23.15', '7211.23.20', '7211.23.30', '7211.23.45', '7211.23.60', '7211.29.20', '7211.29.45', '7211.29.60', '7211.90.00', '7212.40.10', '7212.40.50', '7225.50.60', '7225.50.80', '7225.99.00', '7226.92.50', '7226.92.70', '7226.92.80']","['Brazil', 'China', 'India', 'Japan', 'Korea', 'Netherlands', 'Russia', 'The united kingdom']",https://www.federalregister.gov/documents/2015/08/03/2015-18951/cold-rolled-steel-flat-products-from-brazil-china-india-japan-korea-netherlands-russia-and-the,"Cold-Rolled Steel Flat Products From Brazil, China, India, Japan, Korea, Netherlands, Russia, and the United Kingdom; Institution of Antidumping and Countervailing Duty Investigations and Scheduling of Preliminary Phase Investigations"
 2015-16368,07/02/2015,Hydrofluorocarbon blends and components,"['3824.78.00', '2903.39.20']",['China'],https://www.federalregister.gov/documents/2015/07/02/2015-16368/hydrofluorocarbon-blends-and-components-from-china-institution-of-antidumping-duty-investigation-and,Hydrofluorocarbon Blends and Components From China; Institution of Antidumping Duty Investigation and Scheduling of Preliminary Phase Investigation
 2015-18288,07/27/2015,Heavy walled rectangular welded carbon steel pipes and tubes,['7306.61.10'],"['Korea', 'Mexico', 'Turkey']",https://www.federalregister.gov/documents/2015/07/27/2015-18288/heavy-walled-rectangular-welded-carbon-steel-pipes-and-tubes-from-korea-mexico-and-turkey,"Heavy Walled Rectangular Welded Carbon Steel Pipes and Tubes From Korea, Mexico, and Turkey"
 2015-14028,06/09/2015,Certain corrosion-resistant steel products,"['7210.30.00', '7210.41.00', '7210.49.00', '7210.61.00', '7210.69.00', '7210.70.60', '7210.90.10', '7210.90.60', '7210.90.90', '7212.20.00', '7212.30.10', '7212.30.30', '7212.30.50', '7212.40.10', '7212.40.50', '7212.50.00', '7212.60.00', '7215.90.10', '7215.90.30', '7215.90.50', '7217.20.15', '7217.30.15', '7217.90.10', '7217.90.50', '7225.91.00', '7225.92.00', '7226.99.01']","['China', 'India', 'Italy', 'Korea', 'Taiwan']",https://www.federalregister.gov/documents/2015/06/09/2015-14028/certain-corrosion-resistant-steel-products-from-china-india-italy-korea-and-taiwan-institution-of,"Certain Corrosion-Resistant Steel Products From China, India, Italy, Korea, and Taiwan; Institution of Antidumping and Countervailing Duty Investigations and Scheduling of Preliminary Phase Investigations"
 2015-03971,02/26/2015,Silicomanganese,['7202.30.00'],['Australia'],https://www.federalregister.gov/documents/2015/02/26/2015-03971/silicomanganese-from-australia-institution-of-antidumping-duty-investigation-and-scheduling-of,Silicomanganese From Australia; Institution of Antidumping Duty Investigation and Scheduling of Preliminary Phase Investigation
 2015-01417,01/27/2015,Certain uncoated paper,[],"['Australia', 'Brazil', 'China', 'Indonesia', 'Portugal']",https://www.federalregister.gov/documents/2015/01/27/2015-01417/certain-uncoated-paper-from-australia-brazil-china-indonesia-and-portugal-institution-of-antidumping,"Certain Uncoated Paper From Australia, Brazil, China, Indonesia, and Portugal; Institution of Antidumping and Countervailing Duty Investigations and Scheduling of Preliminary Phase Investigations."
 2015-01264,01/26/2015,Sugar,[],['Mexico'],https://www.federalregister.gov/documents/2015/01/26/2015-01264/sugar-from-mexico-institution-of-reviews-of-agreements-suspending-antidumping-duty-and,Sugar from Mexico; Institution of Reviews of Agreements Suspending Antidumping Duty and Countervailing Duty Investigations
 2014-27227,11/18/2014,Melamine,['2933.61.00'],"['China', 'Trinidad', 'Tobago']",https://www.federalregister.gov/documents/2014/11/18/2014-27227/melamine-from-china-and-trinidad-and-tobago,Melamine From China and Trinidad and Tobago
 2014-25156,10/23/2014,Certain welded line pipe,[],"['Korea', 'Turkey']",https://www.federalregister.gov/documents/2014/10/23/2014-25156/certain-welded-line-pipe-from-korea-and-turkey-institution-of-antidumping-and-countervailing-duty,Certain Welded Line Pipe From Korea and Turkey; Institution of Antidumping and Countervailing Duty Investigations and Scheduling of Preliminary Phase Investigations
 2014-20780,09/02/2014,Boltless steel shelving units prepackaged for sale,"['9403.10.00', '9403.20.00']",['China'],https://www.federalregister.gov/documents/2014/09/02/2014-20780/boltless-steel-shelving-units-prepackaged-for-sale-from-china-institution-of-antidumping-and,Boltless Steel Shelving Units Prepackaged for Sale From China; Institution of Antidumping and Countervailing Duty Investigations and Scheduling of Preliminary Phase Investigations
 2014-13342,06/09/2014,Certain passenger vehicle and light truck tires,"['4011.10.10', '4011.10.50', '4011.20.10', '4011.20.50', '4011.99.45', '4011.99.85']",['China'],https://www.federalregister.gov/documents/2014/06/09/2014-13342/certain-passenger-vehicle-and-light-truck-tires-from-china-institution-of-antidumping-and,Certain Passenger Vehicle and Light Truck Tires From China; Institution of Antidumping and Countervailing Duty Investigations and Scheduling of Preliminary Phase Investigations
 2014-12854,06/04/2014,Certain steel nails,"['7317.00.55', '7317.00.65', '7317.00.75']","['India', 'Korea', 'Malaysia', 'Oman', 'Taiwan', 'Turkey', 'Vietnam']",https://www.federalregister.gov/documents/2014/06/04/2014-12854/certain-steel-nails-from-india-korea-malaysia-oman-taiwan-turkey-and-vietnam-institution-of,"Certain Steel Nails From India, Korea, Malaysia, Oman, Taiwan, Turkey, and Vietnam; Institution of Antidumping and Countervailing Duty Investigations and Scheduling of Preliminary Phase Investigations"
 2014-09691,04/29/2014,53-foot domestic dry containers,['8609.00.00'],['China'],https://www.federalregister.gov/documents/2014/04/29/2014-09691/53-foot-domestic-dry-containers-from-china-institution-of-antidumping-and-countervailing-duty,53-Foot Domestic Dry Containers From China; Institution of Antidumping and Countervailing Duty Investigations and Scheduling of Preliminary Phase Investigations
 2014-07420,04/03/2014,Sugar,"['1701.12.10', '1701.12.50', '1701.13.05', '1701.13.10', '1701.13.20', '1701.13.50', '1701.14.05', '1701.14.10', '1701.14.20', '1701.14.50', '1701.91.05', '1701.91.10', '1701.91.30', '1701.91.42', '1701.91.44', '1701.91.48', '1701.99.05', '1701.99.10', '1701.99.50', '1702.90.05', '1702.90.10', '1702.90.20', '1702.90.35', '1702.90.40', '2106.90.42', '2106.90.44', '2106.90.46']",['Mexico'],https://www.federalregister.gov/documents/2014/04/03/2014-07420/sugar-from-mexico-institution-of-antidumping-and-countervailing-duty-investigations-and-scheduling,Sugar From Mexico; Institution of Antidumping and Countervailing Duty Investigations and Scheduling of Preliminary Phase Investigations
 2014-02494,02/06/2014,Carbon and certain alloy steel wire rod,"['7213.91.30', '7213.91.30', '7213.91.30', '7213.91.30', '7213.91.45', '7213.91.60', '7213.99.00', '7227.20.00', '7227.20.00', '7227.90.60', '7227.90.60', '7727.90.60', '7227.90.60']",['China'],https://www.federalregister.gov/documents/2014/02/06/2014-02494/carbon-and-certain-alloy-steel-wire-rod-from-china-institution-of-antidumping-and-countervailing,Carbon and Certain Alloy Steel Wire Rod From China; Institution of Antidumping and Countervailing Duty Investigations and Scheduling of Preliminary Phase Investigations
 2014-00130,01/08/2014,Certain crystalline silicon photovoltaic products,"['8541.40.60', '8541.40.60', '8541.40.60']","['China', 'Taiwan']",https://www.federalregister.gov/documents/2014/01/08/2014-00130/certain-crystalline-silicon-photovoltaic-products-from-china-and-taiwan-institution-of-antidumping,Certain Crystalline Silicon Photovoltaic Products From China and Taiwan; Institution of Antidumping and Countervailing Duty Investigations and Scheduling of Preliminary Phase Investigations
 2013-30612,12/24/2013,Calcium hypochlorite,['2828.10.00'],"['China: institution of antidumping', 'Countervailing duty investigations', 'Scheduling of preliminary phase investigations']",https://www.federalregister.gov/documents/2013/12/24/2013-30612/calcium-hypochlorite-from-china-institution-of-antidumping-and-countervailing-duty-investigations,Calcium Hypochlorite From China: Institution of Antidumping and Countervailing Duty Investigations and Scheduling of Preliminary Phase Investigations
 2013-25315,10/28/2013,"1,1,1,2-tetrafluoroethane",['2903.39.20'],['China'],https://www.federalregister.gov/documents/2013/10/28/2013-25315/1112-tetrafluoroethane-from-china-institution-of-antidumping-and-countervailing-duty-investigations,"1,1,1,2-Tetrafluoroethane From China; Institution of Antidumping and Countervailing Duty Investigations and Scheduling of Preliminary Phase Investigations"
 2013-24337,10/22/2013,Non-oriented electrical steel,"['7225.19.00', '7226.19.10', '7226.19.90', '7225.50.80', '7225.99.00', '7226.92.50', '7226.92.70', '7226.92.80', '7226.99.01']","['China', 'Germany', 'Japan', 'Korea', 'Sweden', 'Taiwan institution of antidumping', 'Countervailing duty investigations', 'Scheduling of preliminary phase investigations']",https://www.federalregister.gov/documents/2013/10/22/2013-24337/non-oriented-electrical-steel-from-china-germany-japan-korea-sweden-and-taiwan-institution-of,"Non-Oriented Electrical Steel From China, Germany, Japan, Korea, Sweden, and Taiwan Institution of Antidumping and Countervailing Duty Investigations and Scheduling of Preliminary Phase Investigations"
 2013-23277,09/25/2013,Grain-oriented electrical steel,"['7225.11.00', '7226.11.10', '7226.11.90']","['China', 'Czech republic', 'Germany', 'Japan', 'Korea', 'Poland', 'Russia']",https://www.federalregister.gov/documents/2013/09/25/2013-23277/grain-oriented-electrical-steel-from-china-czech-republic-germany-japan-korea-poland-and-russia,"Grain-Oriented Electrical Steel From China, Czech Republic, Germany, Japan, Korea, Poland, and Russia; Institution of Antidumping and Countervailing Duty Investigations and Scheduling of Preliminary Phase Investigations"
 2013-22896,09/20/2013,Monosodium glutamate,['2922.42.10'],"['China', 'Indonesia']",https://www.federalregister.gov/documents/2013/09/20/2013-22896/monosodium-glutamate-from-china-and-indonesia-institution-of-antidumping-and-countervailing-duty,Monosodium Glutamate from China and Indonesia; Institution of Antidumping and Countervailing Duty investigations and Scheduling of Preliminary Phase Investigations
 2013-21903,09/10/2013,Chlorinated isocyanurates,"['2933.69.60', '3808.99.95']","['China', 'Japan']",https://www.federalregister.gov/documents/2013/09/10/2013-21903/chlorinated-isocyanurates-from-china-and-japan-institution-of-antidumping-and-countervailing-duty,Chlorinated Isocyanurates From China and Japan; Institution of Antidumping and Countervailing Duty Investigations and Scheduling of Preliminary Phase Investigations
 2013-22020,09/11/2013,Steel concrete reinforcing bar,[],"['Mexico', 'Turkey']",https://www.federalregister.gov/documents/2013/09/11/2013-22020/steel-concrete-reinforcing-bar-from-mexico-and-turkey-institution-of-antidumping-and-countervailing,Steel Concrete Reinforcing Bar From Mexico and Turkey; Institution of Antidumping and Countervailing Duty Investigations and Scheduling of Preliminary Phase Investigations
 2013-19295,08/09/2013,Diamond sawblades and parts thereof,"['8202.39.00', '8206.00.00']",['China'],https://www.federalregister.gov/documents/2013/08/09/2013-19295/request-for-comments-concerning-the-institution-of-a-review-concerning-the-commissions-affirmative,Request for Comments Concerning the Institution of a Review Concerning the Commission's Affirmative Determination in Investigation No. 731-TA-1092 (Final); Diamond Sawblades and Parts Thereof From China
 2013-17871,07/25/2013,Ferrosilicon,"['7202.21.10', '7202.21.50', '7202.21.75', '7202.21.90', '7202.29.00']","['Russia', 'Venezuela']",https://www.federalregister.gov/documents/2013/07/25/2013-17871/ferrosilicon-from-russia-and-venezuela-institution-of-antidumping-duty-investigations-and-scheduling,Ferrosilicon From Russia and Venezuela; Institution of Antidumping Duty Investigations and Scheduling of Preliminary Phase Investigations.
 2013-16515,07/10/2013,Certain oil country tubular goods,[],"['India', 'Korea', 'Philippines', 'Saudi arabia', 'Taiwan', 'Thailand', 'Turkey', 'Ukraine', 'Vietnam']",https://www.federalregister.gov/documents/2013/07/10/2013-16515/certain-oil-country-tubular-goods-from-india-korea-philippines-saudi-arabia-taiwan-thailand-turkey,"Certain Oil Country Tubular Goods From India, Korea, Philippines, Saudi Arabia, Taiwan, Thailand, Turkey, Ukraine, and Vietnam; Institution of Antidumping and Countervailing Duty Investigations and Scheduling of Preliminary Phase Investigations"
 2013-15968,07/03/2013,Certain steel threaded rod,['7318.15.50'],"['India', 'Thailand']",https://www.federalregister.gov/documents/2013/07/03/2013-15968/certain-steel-threaded-rod-from-india-and-thailand-institution-of-antidumping-and-countervailing,Certain Steel Threaded Rod From India and Thailand; Institution of Antidumping and Countervailing Duty Investigations and Scheduling of Preliminary Phase Investigations
 2013-12341,05/24/2013,Welded stainless steel pressure pipe,"['7306.40.50', '7306.40.10']","['Malaysia', 'Thailand', 'Vietnam']",https://www.federalregister.gov/documents/2013/05/24/2013-12341/welded-stainless-steel-pressure-pipe-from-malaysia-thailand-and-vietnam-institution-of-antidumping,"Welded Stainless Steel Pressure Pipe From Malaysia, Thailand, and Vietnam; Institution of Antidumping Duty Investigations and Scheduling of Preliminary Phase Investigations"
 2013-10071,04/30/2013,Prestressed concrete steel rail tie wire,['7217.10.80'],"['China', 'Mexico', 'Thailand']",https://www.federalregister.gov/documents/2013/04/30/2013-10071/prestressed-concrete-steel-rail-tie-wire-from-china-mexico-and-thailand,"Prestressed Concrete Steel Rail Tie Wire From China, Mexico, and Thailand"
 2013-07584,04/02/2013,"Diffusion-annealed, nickel-plated steel flat-rolled products",[],['Japan'],https://www.federalregister.gov/documents/2013/04/02/2013-07584/diffusion-annealed-nickel-plated-steel-flat-rolled-products-from-japan-institution-of-antidumping,"Diffusion-Annealed, Nickel-Plated Steel Flat-Rolled Products From Japan; Institution of Antidumping Duty Investigation and Scheduling of Preliminary Phase Investigation"
 2012-28419,11/23/2012,Silica bricks and shapes,['6902.20.10'],['China'],https://www.federalregister.gov/documents/2012/11/23/2012-28419/silica-bricks-and-shapes-from-china-institution-of-an-antidumping-duty-investigation-and-scheduling,Silica Bricks and Shapes From China; Institution of an Antidumping Duty Investigation and Scheduling of a Preliminary Phase Investigation
 2012-24286,10/03/2012,Hardwood plywood,[],"['China: institution of antidumping', 'Countervailing duty investigations', 'Scheduling of preliminary phase investigations']",https://www.federalregister.gov/documents/2012/10/03/2012-24286/hardwood-plywood-from-china-institution-of-antidumping-and-countervailing-duty-investigations-and,Hardwood Plywood From China: Institution of Antidumping and Countervailing Duty Investigations and Scheduling of Preliminary Phase Investigations
 2012-14158,06/12/2012,Xanthan gum,['3913.90.20'],"['Austria', 'China']",https://www.federalregister.gov/documents/2012/06/12/2012-14158/xanthan-gum-from-austria-and-china-institution-of-antidumping-duty-investigations-and-scheduling-of,Xanthan Gum From Austria and China; Institution of Antidumping Duty Investigations and Scheduling of Preliminary Phase Investigations
 2012-5480,03/07/2012,Drawn stainless steel sinks,[],['China'],https://www.federalregister.gov/documents/2012/03/07/2012-5480/drawn-stainless-steel-sinks-from-china-institution-and-scheduling-of-preliminary-phase-antidumping,Drawn Stainless Steel Sinks From China; Institution and Scheduling of Preliminary Phase Antidumping and Countervailing Duty Investigations
 2012-120,01/09/2012,Large residential washers,"['8450.20.00', '8450.20.00', '8450.11.00', '8450.90.20', '8450.90.60']","['Korea', 'Mexico']",https://www.federalregister.gov/documents/2012/01/09/2012-120/large-residential-washers-from-korea-and-mexico-institution-of-antidumping-and-countervailing-duty,Large Residential Washers From Korea and Mexico; Institution of Antidumping and Countervailing Duty Investigations and Scheduling of Preliminary Phase Investigations
 2012-15,01/06/2012,Utility scale wind towers,['7308.20.00'],"['China', 'Vietnam']",https://www.federalregister.gov/documents/2012/01/06/2012-15/utility-scale-wind-towers-from-china-and-vietnam-institution-of-antidumping-and-countervailing-duty,Utility Scale Wind Towers From China and Vietnam; Institution of Antidumping and Countervailing Duty Investigations and Scheduling of Preliminary Phase Investigations
 2012-17,01/06/2012,Steel wire garment hangers,[],"['Taiwan', 'Vietnam']",https://www.federalregister.gov/documents/2012/01/06/2012-17/steel-wire-garment-hangers-from-taiwan-and-vietnam-institution-of-antidumping-and-countervailing,Steel Wire Garment Hangers From Taiwan and Vietnam; Institution of Antidumping and Countervailing Duty Investigations and Scheduling of Preliminary Phase Investigations
